category;url
Appliances/Air Conditioners;http://uae.souq.com/ae-en/air-conditioner/l/
Appliances/Air Treatment;http://uae.souq.com/ae-en/air-treatment/l/
Appliances/Blenders & Mixers;http://uae.souq.com/ae-en/blenders_mixers/l/
Appliances/Coffee & Espresso Makers;http://uae.souq.com/ae-en/hot-beverage-maker/l/
Appliances/Deep Fryers;http://uae.souq.com/ae-en/deep-fryer/l/
Appliances/Dishwashers;http://uae.souq.com/ae-en/dishwashers/l/
Appliances/Dryers;http://uae.souq.com/ae-en/dryers/l/
Appliances/Electric Slicers;http://uae.souq.com/ae-en/electric-slicer/l/
Appliances/Fans;http://uae.souq.com/ae-en/fans/l/
Appliances/Electric Meat Grinders;http://uae.souq.com/ae-en/electric-meat-grinders/l/
Appliances/Food Preparation;http://uae.souq.com/ae-en/food-preparation/l/
Appliances/Steamers;http://uae.souq.com/ae-en//food-preparation/steamers/a-72/l/
Appliances/Food Processors;http://uae.souq.com/ae-en/food_processor/l/
Appliances/Heaters;http://uae.souq.com/ae-en/heater/l/
Appliances/Ironing Accessories;http://uae.souq.com/ae-en/ironing-accessories/l/
Appliances/Irons;http://uae.souq.com/ae-en/irons/l/
Appliances/Juicers & Presses;http://uae.souq.com/ae-en/juice-extractor/l/
Appliances/Kettles;http://uae.souq.com/ae-en/kettle/l/
Appliances/Kitchen Scales;http://uae.souq.com/ae-en/kitchen-scale/l/
Appliances/Large Appliances;http://uae.souq.com/ae-en/large-appliance/l/
Appliances/Microwaves;http://uae.souq.com/ae-en/microwave/l/
Appliances/Ovens & Ranges;http://uae.souq.com/ae-en/ovens-ranges/l/
Appliances/Range Hoods;http://uae.souq.com/ae-en/rangehood/l/
Appliances/Refrigerators & Freezers;http://uae.souq.com/ae-en/refrigerators-freezers/l/
Appliances/Rice Cooker;http://uae.souq.com/ae-en/rice-cooker/l/
Appliances/Sandwich & Waffle Makers;http://uae.souq.com/ae-en/sandwich-waffle-makers-grill/l/
Appliances/Sewing & Accessories;http://uae.souq.com/ae-en/sewing-accessories/l/
Appliances/Ice Cream Makers;http://uae.souq.com/ae-en//small-appliance/ice-cream-makers/a-2076/l/
Appliances/Slow Cookers;http://uae.souq.com/ae-en//small-appliance/slow-cookers/a-2076/l/
Appliances/Specialty Kitchen Appliances;http://uae.souq.com/ae-en/small-appliance/l/
Appliances/Steam Cleaners;http://uae.souq.com/ae-en/steam-cleaner/l/
Appliances/Televisions;http://uae.souq.com/ae-en/lcd-led-dlp-tv/l/
Appliances/Toasters;http://uae.souq.com/ae-en/toaster/l/
Appliances/Vacuum Cleaners;http://uae.souq.com/ae-en/vacuum-cleaner/l/
Appliances/Vacuum Floor Care Accessories;http://uae.souq.com/ae-en/vacuums-floor-care/l/
Appliances/Washers Dryers 2 in 1;http://uae.souq.com/ae-en/washers-dryers/l/
Appliances/Washing Machines;http://uae.souq.com/ae-en/washing-machines/l/
Bags & Wallets/Backpacks;http://uae.souq.com/ae-en/backpacks/l/
Bags & Wallets/Bags & Carry Cases;http://uae.souq.com/ae-en/Bag-carrying-Case/l/
Bags & Wallets/Handbags;http://uae.souq.com/ae-en/handbags/l/
Bags & Wallets/Luggage & Accessories;http://uae.souq.com/ae-en/luggage/l/
Bags & Wallets/School Bags;http://uae.souq.com/ae-en/school-bags/l/
Bags & Wallets/Wallets;http://uae.souq.com/ae-en/wallets/l/
Books/Business & Trade Books;http://uae.souq.com/ae-en/business-trade-books/l/
Books/Children's Books;http://uae.souq.com/ae-en/kids-book/l/
Books/Comics & Graphic Novels;http://uae.souq.com/ae-en/comic-graphic-novel/l/
Books/Education Learning & Self Help Books;http://uae.souq.com/ae-en/educational-book/l/
Books/Lifestyle Books;http://uae.souq.com/ae-en/books/l/
Books/Literature & Fiction;http://uae.souq.com/ae-en/fiction-literature/l/
Coins, Stamps & Paper money/Coins;http://uae.souq.com/ae-en/coins/l/
Coins, Stamps & Paper money/Paper Money;http://uae.souq.com/ae-en/paper-money/l/
Coins, Stamps & Paper money/Stamps;http://uae.souq.com/ae-en/stamps/l/
Footwear/Athletic Shoes;http://uae.souq.com/ae-en/athletic-shoes/l/
Footwear/Boots;http://uae.souq.com/ae-en/boots/l/
Footwear/Casual & Formal Shoes;http://uae.souq.com/ae-en/shoes/l/
Footwear/Sandals;http://uae.souq.com/ae-en/sandals/l/
Footwear/Shoes Accessories;http://uae.souq.com/ae-en/shoes-accessories/l/
Footwear/Slippers;http://uae.souq.com/ae-en/slippers/l/
Garden & Outdoor/Barbecue Tools & Grill Accessories;http://uae.souq.com/ae-en/barbecue-tool-grill-accessories/l/
Garden & Outdoor/Garden Decoration;http://uae.souq.com/ae-en/garden-decoration/l/
Garden & Outdoor/Garden Furniture;http://uae.souq.com/ae-en/garden-furniture/l/
Garden & Outdoor/Gardening & Watering Supplies;http://uae.souq.com/ae-en/garden-equipment-watering/l/
Garden & Outdoor/Garden Lighting;http://uae.souq.com/ae-en/garden-light/l/
Garden & Outdoor/Grills & Smokers;http://uae.souq.com/ae-en/grill-smoker/l/
Garden & Outdoor/Pest Control;http://uae.souq.com/ae-en/pest-control/l/
Garden & Outdoor/Smoking Accessories;http://uae.souq.com/ae-en/smoking-accessories/l/
Jewelry & Accessories/Bracelets;http://uae.souq.com/ae-en/bracelets/l/
Jewelry & Accessories/Charms;http://uae.souq.com/ae-en/Charms/l/
Jewelry & Accessories/Earrings;http://uae.souq.com/ae-en/earrings/l/
Jewelry & Accessories/Jewelry Accessories;http://uae.souq.com/ae-en/jewelry-accessories/l/
Jewelry & Accessories/Jewelry Sets;http://uae.souq.com/ae-en/jewelry-set/l/
Jewelry & Accessories/Loose Gemstones & Diamonds;http://uae.souq.com/ae-en/loose-gemstones-diamond/l/
Jewelry & Accessories/Men's Jewelry;http://uae.souq.com/ae-en/men-jewleries/l/
Jewelry & Accessories/Necklaces Pendants & Charms;http://uae.souq.com/ae-en/necklace-pendant/l/
Jewelry & Accessories/Rings;http://uae.souq.com/ae-en/rings/l/
Music & Movies/Movies Plays & Series;http://uae.souq.com/ae-en/movies-plays-series/l/
Music & Movies/Music CDs;http://uae.souq.com/ae-en/music-cd/l/
Music & Movies/Musical Instruments;http://uae.souq.com/ae-en/musical-instrument/l/
Music & Movies/Musical Instruments Parts & Accessories;http://uae.souq.com/ae-en/musical-instrument-parts/l/
Music & Movies/Tuners;http://uae.souq.com/ae-en/tuner/l/
Pet Supplies/Pet Food;http://uae.souq.com/ae-en/pet_food/l/
Pet Supplies/Pet Supplies;http://uae.souq.com/ae-en/pet-supplies/l/
Toys/Bikes Scooters & Ride-Ons;http://uae.souq.com/ae-en/bikes-scooters/l/
Toys/Toys;http://uae.souq.com/ae-en/toys/l/
Art, Crafts & Collectibles/Antiques;http://uae.souq.com/ae-en/antique/l/
Art, Crafts & Collectibles/Drawings & Paintings;http://uae.souq.com/ae-en/drawing-painting/l/
Art, Crafts & Collectibles/Handcrafts Sculpture & Carvings;http://uae.souq.com/ae-en/handcraft-sculpture-carving/l/
Art, Crafts & Collectibles/Islamic;http://uae.souq.com/ae-en/islamic-ethnic-digital-art/l/
Art, Crafts & Collectibles/Maps Atlases & Globes;http://uae.souq.com/ae-en/map-atlas-globe/l/
Art, Crafts & Collectibles/Photographs;http://uae.souq.com/ae-en/photograph/l/
Art, Crafts & Collectibles/Prints & Posters;http://uae.souq.com/ae-en/Prints and Posters/l/
Beauty/Beauty Gifts Sets;http://uae.souq.com/ae-en/beauty-gift-set/l/
Beauty/Beauty Tools & Accessories;http://uae.souq.com/ae-en/beauty-tools-accessories/l/
Beauty/Hair Care;http://uae.souq.com/ae-en/hair-care/l/
Beauty/Hair Electronics;http://uae.souq.com/ae-en/hair_electronics/l/
Beauty/Hair Tools & Accessories;http://uae.souq.com/ae-en/hair-accessories/l/
Beauty/Makeup;http://uae.souq.com/ae-en/makeup/l/
Beauty/Skin Care;http://uae.souq.com/ae-en/skin-care/l/
Beauty/Wigs;http://uae.souq.com/ae-en/wigs/l/
Car Electronics & Accessories/Car Audio & Video Accessories;http://uae.souq.com/ae-en/car-audio-video-accessories/l/
Car Electronics & Accessories/Car Care Products;http://uae.souq.com/ae-en/car-care-product/l/
Car Electronics & Accessories/GPS Accessories;http://uae.souq.com/ae-en/gps-accessories/l/
Car Electronics & Accessories/Keys & Key Chains;http://uae.souq.com/ae-en/keys-key-chains/l/
Car Electronics & Accessories/Car Audio;http://uae.souq.com/ae-en/car-audio/l/
Car Electronics & Accessories/Car Navigation;http://uae.souq.com/ae-en/car-navigation/l/
Car Electronics & Accessories/Car Speakers Subwoofers & Amplifiers;http://uae.souq.com/ae-en/car-speaker-subwoofers-amplifier/l/
Car Electronics & Accessories/Car Video;http://uae.souq.com/ae-en/car-video/l/
Car Electronics & Accessories/GPS Navigators;http://uae.souq.com/ae-en/gps-navigator/l/
Car Electronics & Accessories/GPS Receiver;http://uae.souq.com/ae-en/gps-receiver/l/
Computers, IT & Networking/Bags & Carry Cases;http://uae.souq.com/ae-en/Bag-carrying-Case/l/
Computers, IT & Networking/Barcode Readers;http://uae.souq.com/ae-en/barcode-reader/l/
Computers, IT & Networking/Chargers;http://uae.souq.com/ae-en/laptop-charger/l/
Computers, IT & Networking/Computer Casing;http://uae.souq.com/ae-en/computer-casing/l/
Computers, IT & Networking/Computer Fans;http://uae.souq.com/ae-en/compters-fan/l/
Computers, IT & Networking/Computer & Laptop Accessories;http://uae.souq.com/ae-en/computer-peripheral/l/
Computers, IT & Networking/Hard Disks;http://uae.souq.com/ae-en/hard-disk/l/
Computers, IT & Networking/Headphones & Headsets;http://uae.souq.com/ae-en/Headphones and Headsets/l/
Computers, IT & Networking/Keyboards;http://uae.souq.com/ae-en/keyboard/l/
Computers, IT & Networking/Memory Cards;http://uae.souq.com/ae-en/memory-card/l/
Computers, IT & Networking/Microphones;http://uae.souq.com/ae-en/microphone/l/
Computers, IT & Networking/Motherboards;http://uae.souq.com/ae-en/motherboard/l/
Computers, IT & Networking/Mouse;http://uae.souq.com/ae-en/computer-mouse/l/
Computers, IT & Networking/PC Media Players & Speakers;http://uae.souq.com/ae-en/pc-media-player-speaker/l/
Computers, IT & Networking/Screen Protectors;http://uae.souq.com/ae-en/screen-protectors/l/
Computers, IT & Networking/Skins & Decals;http://uae.souq.com/ae-en/skins-decals/l/
Computers, IT & Networking/Speakers;http://uae.souq.com/ae-en/loud-speaker/l/
Computers, IT & Networking/USB Drives;http://uae.souq.com/ae-en/mobile-usb-memory/l/
Computers, IT & Networking/USB Hubs;http://uae.souq.com/ae-en/usb-hubs/l/
Computers, IT & Networking/Card Readers & Writers;http://uae.souq.com/ae-en/card-reader-writer/l/
Computers, IT & Networking/Computer Monitors;http://uae.souq.com/ae-en/computer-monitor/l/
Computers, IT & Networking/Cooling Pads;http://uae.souq.com/ae-en/cooling-pad/l/
Computers, IT & Networking/CPUs;http://uae.souq.com/ae-en/cpu-ram/l/
Computers, IT & Networking/Memory Modules;http://uae.souq.com/ae-en/usb-drive-memory/l/
Computers, IT & Networking/Optical Drives;http://uae.souq.com/ae-en/optical-drive/l/
Computers, IT & Networking/Power Supplies;http://uae.souq.com/ae-en/power-supply/l/
Computers, IT & Networking/Sound Cards;http://uae.souq.com/ae-en/sound-card/l/
Computers, IT & Networking/Video Cards;http://uae.souq.com/ae-en/video-card/l/
Computers, IT & Networking/Webcams;http://uae.souq.com/ae-en/webcam/l/
Computers, IT & Networking/Desktop PCs;http://uae.souq.com/ae-en/computer/l/
Computers, IT & Networking/Servers;http://uae.souq.com/ae-en/server/l/
Computers, IT & Networking/Blank CDs;http://uae.souq.com/ae-en/blank-cd/l/
Computers, IT & Networking/Blank DVDs;http://uae.souq.com/ae-en/blank-dvd/l/
Computers, IT & Networking/Cables;http://uae.souq.com/ae-en/cables/l/
Computers, IT & Networking/Data Storage devices;http://uae.souq.com/ae-en/data-storage-device/l/
Computers, IT & Networking/Docking Stations;http://uae.souq.com/ae-en/docking-station/l/
Computers, IT & Networking/Media Gateways;http://uae.souq.com/ae-en/media-gateway/l/
Computers, IT & Networking/Network Cards & Adapters;http://uae.souq.com/ae-en/network-card-adapter/l/
Computers, IT & Networking/Network Switches;http://uae.souq.com/ae-en/network-switch/l/
Computers, IT & Networking/Networking Tools & Accessories;http://uae.souq.com/ae-en/networking-tool/l/
Computers, IT & Networking/Routers;http://uae.souq.com/ae-en/router/l/
Computers, IT & Networking/Uninterruptible Power Supply UPS;http://uae.souq.com/ae-en/uninterruptible-power-supply-ups/l/
Computers, IT & Networking/3D Printers;http://uae.souq.com/ae-en/3d-printers/l/
Computers, IT & Networking/Ink & Toner Cartridges;http://uae.souq.com/ae-en/ink-cartridges/l/
Computers, IT & Networking/Label Printers;http://uae.souq.com/ae-en/label-printers/l/
Computers, IT & Networking/Printers;http://uae.souq.com/ae-en/printer/l/
Computers, IT & Networking/Printer & Scanner Accessories;http://uae.souq.com/ae-en/printer-scanner-accessories/l/
Computers, IT & Networking/Scanners;http://uae.souq.com/ae-en/scanner/l/
Computers, IT & Networking/Software;http://uae.souq.com/ae-en/software/l/
Computers, IT & Networking/Laptops & Netbooks;http://uae.souq.com/ae-en/laptop-notebook/l/
Furniture/Bedroom Furniture Sets;http://uae.souq.com/ae-en/rooms/l/
Furniture/Beds & Bed Frames;http://uae.souq.com/ae-en/beds-frames/l/
Furniture/Chairs & Benches;http://uae.souq.com/ae-en/chair-bench/l/
Furniture/Dining Rooms Furniture Sets;http://uae.souq.com/ae-en/kitchen-dining-furniture/l/
Furniture/Garden Furniture;http://uae.souq.com/ae-en/garden-furniture/l/
Furniture/Living Room Sets;http://uae.souq.com/ae-en/living-rooms/l/
Furniture/Office Furniture;http://uae.souq.com/ae-en/office-furniture/l/
Furniture/Sofas Bean Bags & Ottomans;http://uae.souq.com/ae-en/sofa-bean-bag/l/
Furniture/Storage & Organization;http://uae.souq.com/ae-en/cabinet/l/
Furniture/Tables;http://uae.souq.com/ae-en/table/l/
Health & Personal Care/Bath & Body;http://uae.souq.com/ae-en/bath-body/l/
Health & Personal Care/Body Massagers;http://uae.souq.com/ae-en/massagers/l/
Health & Personal Care/Dental Care;http://uae.souq.com/ae-en/dental-care/l/
Health & Personal Care/Digital Fever Thermometers;http://uae.souq.com/ae-en/digital-fever-thermometer/l/
Health & Personal Care/Electric Shavers & Removal;http://uae.souq.com/ae-en/electric-shavers/l/
Health & Personal Care/Electrical Personal Care;http://uae.souq.com/ae-en/electrical-personal-machine/l/
Health & Personal Care/Food Supplements & Nutrition;http://uae.souq.com/ae-en/food-supplement/l/
Health & Personal Care/Men's Grooming;http://uae.souq.com/ae-en/men-grooming/l/
Health & Personal Care/Natural Nutrition Products;http://uae.souq.com/ae-en/natural-nutrition-products/l/
Health & Personal Care/Personal Care;http://uae.souq.com/ae-en/health-personal-care/l/
Health & Personal Care/Personal Scales;http://uae.souq.com/ae-en/personal-scale/l/
Health & Personal Care/Small Medical Equipment;http://uae.souq.com/ae-en/small-medical-equipment/l/
Health & Personal Care/Sports Nutrition;http://uae.souq.com/ae-en/sport-nutrition/l/
Health & Personal Care/Vitamins & Minerals;http://uae.souq.com/ae-en/vitamin-mineral/l/
Kitchen & Home Supplies/Baking Tools & Accessories;http://uae.souq.com/ae-en/baking-tools-accessories/l/
Kitchen & Home Supplies/Cooking Utensils;http://uae.souq.com/ae-en/utensils/l/
Kitchen & Home Supplies/Cookware & Bakeware;http://uae.souq.com/ae-en/cooking-set/l/
Kitchen & Home Supplies/Cutlery & Flatware Set;http://uae.souq.com/ae-en/cutlery-sets/l/
Kitchen & Home Supplies/Dinnerware & Serveware;http://uae.souq.com/ae-en/dinnerware/l/
Kitchen & Home Supplies/Drinkware;http://uae.souq.com/ae-en/drinkware/l/
Kitchen & Home Supplies/Fruit & Vegetable Tools;http://uae.souq.com/ae-en/fruit-vegetable-tools/l/
Kitchen & Home Supplies/Home Supplies;http://uae.souq.com/ae-en/home-supplies/l/
Kitchen & Home Supplies/Kitchen & Dining Tools;http://uae.souq.com/ae-en/kitchen-dining/l/
Kitchen & Home Supplies/Kitchen Measuring Tools;http://uae.souq.com/ae-en/kitchen-measuring-tools/l/
Kitchen & Home Supplies/Kitchen Storage;http://uae.souq.com/ae-en//kitchen-dining/kitchen-storage/a-6346/l/
Kitchen & Home Supplies/Table Linens;http://uae.souq.com/ae-en/table-linens/l/
Office Products & Supplies/Fax Machines;http://uae.souq.com/ae-en/fax-machine-shredder/l/
Office Products & Supplies/Multifunctional Printers;http://uae.souq.com/ae-en/multifunction-devices/l/
Office Products & Supplies/Office Equipment;http://uae.souq.com/ae-en/office-equipment/l/
Office Products & Supplies/Office Furniture;http://uae.souq.com/ae-en/office-furniture/l/
Office Products & Supplies/Office Supplies;http://uae.souq.com/ae-en/office-supplies/l/
Office Products & Supplies/Printers;http://uae.souq.com/ae-en/printer/l/
Office Products & Supplies/Ink & Toner Cartridges;http://uae.souq.com/ae-en/ink-cartridges/l/
Office Products & Supplies/Stationery;http://uae.souq.com/ae-en/stationary/l/
Sports & Fitness/Athletic Shoes;http://uae.souq.com/ae-en/athletic-shoes/l/
Sports & Fitness/Bags & Carry Cases;http://uae.souq.com/ae-en/Bag-carrying-Case/l/
Sports & Fitness/Bikes Scooters & Ride-Ons;http://uae.souq.com/ae-en/bikes-scooters/l/
Sports & Fitness/Camping  Hiking & Climbing  Goods;http://uae.souq.com/ae-en/camping-goods/l/
Sports & Fitness/Fitness Technology;http://uae.souq.com/ae-en/fitness_technology/l/
Sports & Fitness/Smart Watches;http://uae.souq.com/ae-en/smart-watches/l/
Sports & Fitness/GPS Receiver;http://uae.souq.com/ae-en/gps-receiver/l/
Sports & Fitness/Outdoor Play;http://uae.souq.com/ae-en/outdoor_play/l/
Sports & Fitness/Sporting Goods;http://uae.souq.com/ae-en/sporting-goods/l/
Sports & Fitness/Sports Equipments;http://uae.souq.com/ae-en/sport-equipment/l/
Vouchers & Tickets/Gift Vouchers;http://uae.souq.com/ae-en/gift-vouchers/l/
Baby/Baby Accessories;http://uae.souq.com/ae-en/baby-accessories/l/
Baby/Baby Bags;http://uae.souq.com/ae-en/baby-bag/l/
Baby/Baby Bath & Skin Care;http://uae.souq.com/ae-en/baby-bath-skin-care/l/
Baby/Baby Clothing & Shoes;http://uae.souq.com/ae-en/baby-clothes/l/
Baby/Baby Food;http://uae.souq.com/ae-en/baby-food/l/
Baby/Baby Gear;http://uae.souq.com/ae-en/baby-gear/l/
Baby/Baby Gift Sets;http://uae.souq.com/ae-en/baby-gift-set/l/
Baby/Baby Safety & Health;http://uae.souq.com/ae-en/baby-safety-health/l/
Baby/Baby Toys & Accessories;http://uae.souq.com/ae-en/baby-toy-accessories/l/
Baby/Diapers;http://uae.souq.com/ae-en/diapers/l/
Baby/Feeding;http://uae.souq.com/ae-en/feeding-diapering-bathing/l/
Baby/Nursery Furniture;http://uae.souq.com/ae-en/nursery-furniture-decor/l/
Bed & Bath/Bathroom Equipment;http://uae.souq.com/ae-en/bathroom-equipment/l/
Bed & Bath/Bedding;http://uae.souq.com/ae-en/bedding/l/
Bed & Bath/Bed Pillows;http://uae.souq.com/ae-en/pillows/l/
Bed & Bath/Blankets & Throws;http://uae.souq.com/ae-en/blankets-throws/l/
Bed & Bath/Curtains;http://uae.souq.com/ae-en/curtains/l/
Bed & Bath/Mattresses;http://uae.souq.com/ae-en/mattresses/l/
Bed & Bath/Showers & Showerheads;http://uae.souq.com/ae-en/showers-showerheads/l/
Bed & Bath/Storage & Organization;http://uae.souq.com/ae-en/cabinet/l/
Bed & Bath/Towels;http://uae.souq.com/ae-en/towels/l/
Clothing & Accessories/Accessories;http://uae.souq.com/ae-en/accessories/l/
Clothing & Accessories/Athletic Wear;http://uae.souq.com/ae-en/athletic-wear/l/
Clothing & Accessories/Costumes;http://uae.souq.com/ae-en/costumes/l/
Clothing & Accessories/Dresses;http://uae.souq.com/ae-en/dresses/l/
Clothing & Accessories/Ethnic & Traditional Wear;http://uae.souq.com/ae-en/ethnic-traditional-wear/l/
Clothing & Accessories/Eyewear;http://uae.souq.com/ae-en/eyewear/l/
Clothing & Accessories/Jackets & Coats;http://uae.souq.com/ae-en/jacket-coats/l/
Clothing & Accessories/Maternity Wear;http://uae.souq.com/ae-en/maternity-wear/l/
Clothing & Accessories/Pants;http://uae.souq.com/ae-en/pants/l/
Clothing & Accessories/Shorts;http://uae.souq.com/ae-en/shorts/l/
Clothing & Accessories/Skirts;http://uae.souq.com/ae-en/skirts/l/
Clothing & Accessories/Sleepwear;http://uae.souq.com/ae-en/sleepwear/l/
Clothing & Accessories/Suits;http://uae.souq.com/ae-en/suits/l/
Clothing & Accessories/Swimwear;http://uae.souq.com/ae-en/swimwears/l/
Clothing & Accessories/Tops;http://uae.souq.com/ae-en/tops/l/
Clothing & Accessories/Underwear;http://uae.souq.com/ae-en/underwears/l/
Clothing & Accessories/Uniforms;http://uae.souq.com/ae-en/uniforms/l/
Clothing & Accessories/Women's Lingerie;http://uae.souq.com/ae-en/women-lingerie/l/
Electronics/Audio Accessories;http://uae.souq.com/ae-en/audio-accessories/l/
Electronics/CD Players & Recorders;http://uae.souq.com/ae-en/cd-player-recorder/l/
Electronics/Headphones & Headsets;http://uae.souq.com/ae-en/Headphones and Headsets/l/
Electronics/Microphones;http://uae.souq.com/ae-en/microphone/l/
Electronics/MP3 & MP4 Player Accessories;http://uae.souq.com/ae-en/mp3-mp4-player-accessories/l/
Electronics/Portable Cassette & CD Players;http://uae.souq.com/ae-en/portable-audio-player/l/
Electronics/Portable Radios;http://uae.souq.com/ae-en/portable-radio/l/
Electronics/Batteries;http://uae.souq.com/ae-en/batteries/l/
Electronics/Cables;http://uae.souq.com/ae-en/cables/l/
Electronics/Analogue Cameras;http://uae.souq.com/ae-en/analogue-camera/l/
Electronics/Binoculars;http://uae.souq.com/ae-en/binoculars/l/
Electronics/Camera Bags;http://uae.souq.com/ae-en//Bag-carrying-Case/camera-bags/a-5700/l/
Electronics/Camera & Camcorder Accessories;http://uae.souq.com/ae-en/camera-camcorder-accessories/l/
Electronics/Camcorders;http://uae.souq.com/ae-en/camcorder/l/
Electronics/Digital Cameras;http://uae.souq.com/ae-en/digital-camera/l/
Electronics/Digital Photo Frames;http://uae.souq.com/ae-en/digital-photo-frame/l/
Electronics/Electronic Flashes;http://uae.souq.com/ae-en/electronic-flash/l/
Electronics/Film Cameras;http://uae.souq.com/ae-en/analogue-camera/l/
Electronics/Interchangeable Lenses;http://uae.souq.com/ae-en/interchangeable-lense/l/
Electronics/Memory Cards;http://uae.souq.com/ae-en/memory-card/l/
Electronics/Screen Protectors;http://uae.souq.com/ae-en/screen-protectors/l/
Electronics/Skins & Decals;http://uae.souq.com/ae-en/skins-decals/l/
Electronics/Still Films;http://uae.souq.com/ae-en/still-film/l/
Electronics/Webcams;http://uae.souq.com/ae-en/webcam/l/
Electronics/CD Recording Media;http://uae.souq.com/ae-en/cd-recording-media/l/
Electronics/Chargers;http://uae.souq.com/ae-en/laptop-charger/l/
Electronics/Clock Radios;http://uae.souq.com/ae-en/clock-radio/l/
Electronics/E-Book Readers;http://uae.souq.com/ae-en/ebook-reader/l/
Electronics/Dishwashers;http://uae.souq.com/ae-en/dishwashers/l/
Electronics/Dryers;http://uae.souq.com/ae-en/dryers/l/
Electronics/Refrigerators & Freezers;http://uae.souq.com/ae-en/refrigerators-freezers/l/
Electronics/Telephone Accessories;http://uae.souq.com/ae-en/telephone-accessories/l/
Electronics/Telephones;http://uae.souq.com/ae-en/telephone/l/
Electronics/Washing Machines;http://uae.souq.com/ae-en/washing-machines/l/
Electronics/Home Theater Systems;http://uae.souq.com/ae-en/home-theatre-system/l/
Electronics/Home Video Accessories;http://uae.souq.com/ae-en/video-accessories/l/
Electronics/MP3 & MP4 Players;http://uae.souq.com/ae-en/mp3-player/l/
Electronics/MP3 MP4 Players Accessories;http://uae.souq.com/ae-en/mp3-mp4-player-accessories/l/
Electronics/Projector Accessories;http://uae.souq.com/ae-en/projector-accessories/l/
Electronics/Projectors;http://uae.souq.com/ae-en/projector/l/
Electronics/Recording & Studio Equipment;http://uae.souq.com/ae-en/recording-studio-equipment/l/
Electronics/Security & Surveillance Systems;http://uae.souq.com/ae-en/security-surveillance-system/l/
Electronics/Smart Watches;http://uae.souq.com/ae-en/smart-watches/l/
Electronics/Stereo Systems & Equalizers;http://uae.souq.com/ae-en/stereo-system-equalizer/l/
Electronics/3D Glasses;http://uae.souq.com/ae-en/3d-glasses/l/
Electronics/Satellite Receivers;http://uae.souq.com/ae-en/satellite-receiver/l/
Electronics/Televisions;http://uae.souq.com/ae-en/lcd-led-dlp-tv/l/
Electronics/Tuners;http://uae.souq.com/ae-en/tuner/l/
Electronics/TV Mounts;http://uae.souq.com/ae-en/tv-mounts/l/
Electronics/TV & Satellite Accessories;http://uae.souq.com/ae-en/tv-satellite-accessories/l/
Electronics/Universal Remote Controls;http://uae.souq.com/ae-en/universal-remote-control/l/
Electronics/VCD VCP and VCR Players;http://uae.souq.com/ae-en/vcd-vcp-vcr-player/l/
Electronics/Amplifiers & Receivers;http://uae.souq.com/ae-en/receiver-amplifier/l/
Electronics/DVD & Blu-Ray Players;http://uae.souq.com/ae-en/dvd-blu-ray-player/l/
Electronics/DVD & VCR Combos;http://uae.souq.com/ae-en/dvd-vcr-combos/l/
Electronics/Speakers;http://uae.souq.com/ae-en/loud-speaker/l/
Electronics/Video Tapes;http://uae.souq.com/ae-en/video-tape/l/
Gaming/Game Consoles;http://uae.souq.com/ae-en/games-console/l/
Gaming/Game Gadgets & Accessories;http://uae.souq.com/ae-en/games-console-accessories/l/
Gaming/Screen Protectors;http://uae.souq.com/ae-en/screen-protectors/l/
Gaming/Skins & Decals;http://uae.souq.com/ae-en/skins-decals/l/
Gaming/Video Games;http://uae.souq.com/ae-en/games/l/
Home Decor & Furniture/Artificial Flower & Plants;http://uae.souq.com/ae-en//home-decor/artificial-flowers/a-6321/l/
Home Decor & Furniture/Candles & Holders;http://uae.souq.com/ae-en//home-decor/candles---and---holders/a-6321/l/
Home Decor & Furniture/Clocks;http://uae.souq.com/ae-en/clocks/l/
Home Decor & Furniture/Curtains;http://uae.souq.com/ae-en/curtains/l/
Home Decor & Furniture/Decorative Pillows & Cushions;http://uae.souq.com/ae-en/decorative-pillows-cushions/l/
Home Decor & Furniture/Drawings & Paintings;http://uae.souq.com/ae-en/drawing-painting/l/
Home Decor & Furniture/Frames;http://uae.souq.com/ae-en/frames/l/
Home Decor & Furniture/Home Decor;http://uae.souq.com/ae-en/home-decor/l/
Home Decor & Furniture/Mirrors;http://uae.souq.com/ae-en/mirrors/l/
Home Decor & Furniture/Party Supplies;http://uae.souq.com/ae-en/party_supplies/l/
Home Decor & Furniture/Rugs & Carpets;http://uae.souq.com/ae-en/rugs-carpets/l/
Home Decor & Furniture/Storage & Organization;http://uae.souq.com/ae-en/cabinet/l/
Home Decor & Furniture/Table Linens;http://uae.souq.com/ae-en/table-linens/l/
Home Decor & Furniture/Vases;http://uae.souq.com/ae-en//home-decor/vases/a-6321/l/
Home Decor & Furniture/Wallpapers & Decals;http://uae.souq.com/ae-en/wallpapers-decals/l/
Home Decor & Furniture/Garden Lighting;http://uae.souq.com/ae-en/garden-light/l/
Home Decor & Furniture/Light Bulbs;http://uae.souq.com/ae-en/light-bulbs/l/
Home Decor & Furniture/Lamps;http://uae.souq.com/ae-en/lighting/l/
Home Decor & Furniture/Chairs & Benches;http://uae.souq.com/ae-en/chair-bench/l/
Home Decor & Furniture/Garden Furniture;http://uae.souq.com/ae-en/garden-furniture/l/
Home Decor & Furniture/Office Furniture;http://uae.souq.com/ae-en/office-furniture/l/
Home Decor & Furniture/Sofas Bean Bags & Ottomans;http://uae.souq.com/ae-en/sofa-bean-bag/l/
Home Decor & Furniture/Storage & Organization;http://uae.souq.com/ae-en/cabinet/l/
Home Decor & Furniture/Tables;http://uae.souq.com/ae-en/table/l/
Mobile Phones, Tablets & Accessories/Cables;http://uae.souq.com/ae-en/cables/l/
Mobile Phones, Tablets & Accessories/Chargers;http://uae.souq.com/ae-en/laptop-charger/l/
Mobile Phones, Tablets & Accessories/Headsets;http://uae.souq.com/ae-en/Headphones and Headsets/l/
Mobile Phones, Tablets & Accessories/Memory Cards;http://uae.souq.com/ae-en/memory-card/l/
Mobile Phones, Tablets & Accessories/Mobile Phone Accessories;http://uae.souq.com/ae-en/mobile-phone-accessories/l/
Mobile Phones, Tablets & Accessories/Tablet Accessories;http://uae.souq.com/ae-en/tablet-accessories/l/
Mobile Phones, Tablets & Accessories/Watch Accessories;http://uae.souq.com/ae-en/watch-accessories/l/
Mobile Phones, Tablets & Accessories/Fancy Numbers;http://uae.souq.com/ae-en/phone-number-line/l/
Mobile Phones, Tablets & Accessories/Mobile Phones;http://uae.souq.com/ae-en/mobile-phone/l/
Mobile Phones, Tablets & Accessories/Screen Protectors;http://uae.souq.com/ae-en/screen-protectors/l/
Mobile Phones, Tablets & Accessories/Skins & Decals;http://uae.souq.com/ae-en/skins-decals/l/
Mobile Phones, Tablets & Accessories/Smart Watches;http://uae.souq.com/ae-en/smart-watches/l/
Mobile Phones, Tablets & Accessories/Tablets;http://uae.souq.com/ae-en/tablet/l/
Perfumes & Fragrances/Perfumes & Fragrances;http://uae.souq.com/ae-en/perfumes-fragrances/l/
Tools & Home Improvements/Hand Tools;http://uae.souq.com/ae-en/hand-tool/l/
Tools & Home Improvements/Measuring & Layout Tools;http://uae.souq.com/ae-en/measuring-layout-tools/l/
Tools & Home Improvements/Nails Screws & Fixings;http://uae.souq.com/ae-en/nails_screws_fixings/l/
Tools & Home Improvements/Paint & Supplies;http://uae.souq.com/ae-en/paint_tools_supplies/l/
Tools & Home Improvements/Power & Hand Tools Accessories;http://uae.souq.com/ae-en/tools-accessories/l/
Tools & Home Improvements/Power Tools;http://uae.souq.com/ae-en/power-tool/l/
Tools & Home Improvements/Safety & Work Wear;http://uae.souq.com/ae-en/safety-work-wear/l/
Watches & Accessories/Smart Watches;http://uae.souq.com/ae-en/smart-watches/l/
Watches & Accessories/Watch Accessories;http://uae.souq.com/ae-en/watch-accessories/l/
Watches & Accessories/Watches;http://uae.souq.com/ae-en/watches/l/
